<?xml version='1.0' encoding='UTF-8'?>
<?artifactRepository version='1.1.0'?>
<repository name='update site: http://raw.githubusercontent.com/ToivoAdams/VisualCode_Site/master/site.xml' type='org.eclipse.equinox.p2.artifact.repository.simpleRepository' version='1'>
  <properties size='3'>
    <property name='p2.timestamp' value='1561335392894'/>
    <property name='eclipse.p2.force.threading' value='true'/>
    <property name='site.checksum' value='770446952'/>
  </properties>
  <mappings size='3'>
    <rule filter='(&amp; (classifier=osgi.bundle))' output='${repoUrl}/plugins/${id}_${version}.jar'/>
    <rule filter='(&amp; (classifier=binary))' output='${repoUrl}/binary/${id}_${version}'/>
    <rule filter='(&amp; (classifier=org.eclipse.update.feature))' output='${repoUrl}/features/${id}_${version}.jar'/>
  </mappings>
  <artifacts size='2'>
    <artifact classifier='osgi.bundle' id='VisualCode' version='0.3.0.201707161627'>
      <repositoryProperties size='1'>
        <property name='artifact.reference' value='http://raw.githubusercontent.com/ToivoAdams/VisualCode_Site/master/plugins/VisualCode_0.3.0.201707161627.jar'/>
      </repositoryProperties>
    </artifact>
    <artifact classifier='org.eclipse.update.feature' id='VisualCode_Feature' version='0.3.0.201707161627'>
      <repositoryProperties size='1'>
        <property name='artifact.reference' value='http://raw.githubusercontent.com/ToivoAdams/VisualCode_Site/master/features/VisualCode_Feature_0.3.0.201707161627.jar'/>
      </repositoryProperties>
    </artifact>
  </artifacts>
</repository>
