<?xml version='1.0' encoding='UTF-8'?>
<?metadataRepository version='1.2.0'?>
<repository name='update site: http://raw.githubusercontent.com/ToivoAdams/VisualCode_Site/master/site.xml' type='org.eclipse.equinox.internal.p2.metadata.repository.LocalMetadataRepository' version='1'>
  <properties size='2'>
    <property name='p2.timestamp' value='1561335319873'/>
    <property name='site.checksum' value='770446952'/>
  </properties>
  <units size='4'>
    <unit id='VisualCode' version='0.3.0.201707161627' singleton='false'>
      <update id='VisualCode' range='[0.0.0,0.3.0.201707161627)' severity='0'/>
      <properties size='1'>
        <property name='org.eclipse.equinox.p2.partial.iu' value='true'/>
      </properties>
      <provides size='4'>
        <provided namespace='org.eclipse.equinox.p2.iu' name='VisualCode' version='0.3.0.201707161627'/>
        <provided namespace='osgi.bundle' name='VisualCode' version='0.3.0.201707161627'/>
        <provided namespace='osgi.identity' name='VisualCode' version='0.3.0.201707161627'>
          <properties size='1'>
            <property name='type' value='osgi.bundle'/>
          </properties>
        </provided>
        <provided namespace='org.eclipse.equinox.p2.eclipse.type' name='bundle' version='1.0.0'/>
      </provides>
      <artifacts size='1'>
        <artifact classifier='osgi.bundle' id='VisualCode' version='0.3.0.201707161627'/>
      </artifacts>
      <touchpoint id='org.eclipse.equinox.p2.osgi' version='1.0.0'/>
      <touchpointData size='1'>
        <instructions size='1'>
          <instruction key='manifest'>
            Bundle-SymbolicName: VisualCode&#xA;Bundle-Version: 0.3.0.201707161627&#xA;
          </instruction>
        </instructions>
      </touchpointData>
    </unit>
    <unit id='VisualCode_Feature.feature.jar' version='0.3.0.201707161627'>
      <properties size='4'>
        <property name='org.eclipse.equinox.p2.name' value='VisualCode_Feature'/>
        <property name='org.eclipse.equinox.p2.description' value='[Enter Feature Description here.]'/>
        <property name='org.eclipse.equinox.p2.description.url' value='http://www.example.com/description'/>
        <property name='org.eclipse.equinox.p2.provider' value='a'/>
      </properties>
      <provides size='3'>
        <provided namespace='org.eclipse.equinox.p2.iu' name='VisualCode_Feature.feature.jar' version='0.3.0.201707161627'/>
        <provided namespace='org.eclipse.equinox.p2.eclipse.type' name='feature' version='1.0.0'/>
        <provided namespace='org.eclipse.update.feature' name='VisualCode_Feature' version='0.3.0.201707161627'/>
      </provides>
      <filter>
        (org.eclipse.update.install.features=true)
      </filter>
      <artifacts size='1'>
        <artifact classifier='org.eclipse.update.feature' id='VisualCode_Feature' version='0.3.0.201707161627'/>
      </artifacts>
      <touchpoint id='org.eclipse.equinox.p2.osgi' version='1.0.0'/>
      <touchpointData size='1'>
        <instructions size='1'>
          <instruction key='zipped'>
            true
          </instruction>
        </instructions>
      </touchpointData>
      <licenses size='1'>
        <license uri='http://www.example.com/license' url='http://www.example.com/license'>
          [Enter License Description here.]
        </license>
      </licenses>
      <copyright uri='http://www.example.com/copyright' url='http://www.example.com/copyright'>
        [Enter Copyright Description here.]
      </copyright>
    </unit>
    <unit id='VisualCode_Feature.feature.group' version='0.3.0.201707161627' singleton='false'>
      <update id='VisualCode_Feature.feature.group' range='[0.0.0,0.3.0.201707161627)' severity='0'/>
      <properties size='5'>
        <property name='org.eclipse.equinox.p2.name' value='VisualCode_Feature'/>
        <property name='org.eclipse.equinox.p2.description' value='[Enter Feature Description here.]'/>
        <property name='org.eclipse.equinox.p2.description.url' value='http://www.example.com/description'/>
        <property name='org.eclipse.equinox.p2.provider' value='a'/>
        <property name='org.eclipse.equinox.p2.type.group' value='true'/>
      </properties>
      <provides size='1'>
        <provided namespace='org.eclipse.equinox.p2.iu' name='VisualCode_Feature.feature.group' version='0.3.0.201707161627'/>
      </provides>
      <requires size='2'>
        <required namespace='org.eclipse.equinox.p2.iu' name='VisualCode' range='[0.3.0.201707161627,0.3.0.201707161627]'/>
        <required namespace='org.eclipse.equinox.p2.iu' name='VisualCode_Feature.feature.jar' range='[0.3.0.201707161627,0.3.0.201707161627]'>
          <filter>
            (org.eclipse.update.install.features=true)
          </filter>
        </required>
      </requires>
      <filter>
        (|(osgi.os=linux)(osgi.os=win32))
      </filter>
      <touchpoint id='null' version='0.0.0'/>
      <licenses size='1'>
        <license uri='http://www.example.com/license' url='http://www.example.com/license'>
          [Enter License Description here.]
        </license>
      </licenses>
      <copyright uri='http://www.example.com/copyright' url='http://www.example.com/copyright'>
        [Enter Copyright Description here.]
      </copyright>
    </unit>
    <unit id='http://raw.githubusercontent.com/ToivoAdams/VisualCode_Site/master/site.xml.Visual_tools_1' version='1.0.0.05-dofh--7735G3G5E5E7G'>
      <properties size='2'>
        <property name='org.eclipse.equinox.p2.name' value='Visual Tools'/>
        <property name='org.eclipse.equinox.p2.type.category' value='true'/>
      </properties>
      <provides size='1'>
        <provided namespace='org.eclipse.equinox.p2.iu' name='http://raw.githubusercontent.com/ToivoAdams/VisualCode_Site/master/site.xml.Visual_tools_1' version='1.0.0.05-dofh--7735G3G5E5E7G'/>
      </provides>
      <requires size='1'>
        <required namespace='org.eclipse.equinox.p2.iu' name='VisualCode_Feature.feature.group' range='[0.3.0.201707161627,0.3.0.201707161627]'>
          <filter>
            (|(osgi.os=linux)(osgi.os=win32))
          </filter>
        </required>
      </requires>
      <touchpoint id='null' version='0.0.0'/>
    </unit>
  </units>
</repository>
